Country,WHOREGION,FLUREGION,Year,Week,SDATE,EDATE,SPEC_RECEIVED_NB,SPEC_PROCESSED_NB,AH1,AH1N12009,AH3,AH5,ANOTSUBTYPED,INF_A,BYAMAGATA,BVICTORIA,BNOTDETERMINED,INF_B,ALL_INF,ALL_INF2,TITLE
Italy,European Region of WHO,South West Europe,2017,1,2017-01-02,2017-01-08,648,648,0,1,217,0,52,270,0,0,3,3,273,375,Widespread Outbreak
Italy,European Region of WHO,South West Europe,2017,2,2017-01-09,2017-01-15,834,834,0,4,298,0,57,359,0,0,6,6,365,469,Widespread Outbreak
Italy,European Region of WHO,South West Europe,2017,3,2017-01-16,2017-01-22,810,819,0,4,305,0,31,340,0,0,3,3,343,467,Widespread Outbreak
Italy,European Region of WHO,South West Europe,2017,4,2017-01-23,2017-01-29,646,848,0,1,278,0,29,308,0,0,6,6,314,332,Widespread Outbreak
Italy,European Region of WHO,South West Europe,2017,5,2017-01-30,2017-02-05,639,638,0,0,191,0,37,228,9,0,4,13,241,398,Regional Outbreak
Italy,European Region of WHO,South West Europe,2017,6,2017-02-06,2017-02-12,615,615,0,2,150,0,7,159,9,1,3,13,172,443,Regional Outbreak
Italy,European Region of WHO,South West Europe,2017,7,2017-02-13,2017-02-19,491,491,0,4,81,0,1,86,10,2,3,15,101,387,Regional Outbreak
Italy,European Region of WHO,South West Europe,2017,8,2017-02-20,2017-02-26,506,506,0,0,44,0,3,47,7,1,7,15,62,444,Local Outbreak
Italy,European Region of WHO,South West Europe,2017,9,2017-02-27,2017-03-05,343,343,0,1,11,0,6,18,9,0,11,20,38,305,Sporadic
Italy,European Region of WHO,South West Europe,2017,10,2017-03-06,2017-03-12,392,392,0,1,11,0,3,15,3,0,11,14,29,363,Sporadic
Italy,European Region of WHO,South West Europe,2017,11,2017-03-13,2017-03-19,307,307,0,0,7,0,0,7,3,0,8,11,18,289,Sporadic
Italy,European Region of WHO,South West Europe,2017,12,2017-03-20,2017-03-26,250,250,0,0,4,0,0,4,1,0,2,3,7,243,Sporadic
Italy,European Region of WHO,South West Europe,2017,13,2017-03-27,2017-04-02,200,200,0,0,1,0,0,1,1,0,2,3,4,196,Sporadic
Italy,European Region of WHO,South West Europe,2017,14,2017-04-03,2017-04-09,181,181,0,0,1,0,0,1,0,0,3,3,4,177,Sporadic
Italy,European Region of WHO,South West Europe,2017,15,2017-04-10,2017-04-16,113,113,0,0,0,0,0,0,0,0,3,3,3,110,Sporadic
Italy,European Region of WHO,South West Europe,2017,16,2017-04-17,2017-04-23,123,123,0,1,0,0,0,1,2,0,0,2,3,120,Sporadic
Italy,European Region of WHO,South West Europe,2017,17,2017-04-24,2017-04-30,59,59,0,0,0,0,0,0,1,0,0,1,1,58,Sporadic
Italy,European Region of WHO,South West Europe,2017,18,2017-05-01,2017-05-07,,,,,,,,,,,,,,,No Report
Italy,European Region of WHO,South West Europe,2017,19,2017-05-08,2017-05-14,,,,,,,,,,,,,,,No Report
Italy,European Region of WHO,South West Europe,2017,20,2017-05-15,2017-05-21,,,,,,,,,,,,,,,No Report
Italy,European Region of WHO,South West Europe,2017,21,2017-05-22,2017-05-28,,,,,,,,,,,,,,,No Report
Italy,European Region of WHO,South West Europe,2017,22,2017-05-29,2017-06-04,,,,,,,,,,,,,,,No Report
Italy,European Region of WHO,South West Europe,2017,23,2017-06-05,2017-06-11,,,,,,,,,,,,,,,No Report
Italy,European Region of WHO,South West Europe,2017,24,2017-06-12,2017-06-18,,,,,,,,,,,,,,,No Report
Italy,European Region of WHO,South West Europe,2017,25,2017-06-19,2017-06-25,,,,,,,,,,,,,,,No Report
Italy,European Region of WHO,South West Europe,2017,26,2017-06-26,2017-07-02,,,,,,,,,,,,,,,No Report
Italy,European Region of WHO,South West Europe,2017,27,2017-07-03,2017-07-09,,,,,,,,,,,,,,,No Report
Italy,European Region of WHO,South West Europe,2017,28,2017-07-10,2017-07-16,,,,,,,,,,,,,,,No Report
Italy,European Region of WHO,South West Europe,2017,29,2017-07-17,2017-07-23,,,,,,,,,,,,,,,No Report
Italy,European Region of WHO,South West Europe,2017,30,2017-07-24,2017-07-30,,,,,,,,,,,,,,,No Report
Italy,European Region of WHO,South West Europe,2017,31,2017-07-31,2017-08-06,,,,,,,,,,,,,,,No Report
Italy,European Region of WHO,South West Europe,2017,32,2017-08-07,2017-08-13,,,,,,,,,,,,,,,No Report
Italy,European Region of WHO,South West Europe,2017,33,2017-08-14,2017-08-20,,,,,,,,,,,,,,,No Report
Italy,European Region of WHO,South West Europe,2017,34,2017-08-21,2017-08-27,,,,,,,,,,,,,,,No Report
Italy,European Region of WHO,South West Europe,2017,35,2017-08-28,2017-09-03,,,,,,,,,,,,,,,No Report
Italy,European Region of WHO,South West Europe,2017,36,2017-09-04,2017-09-10,,,,,,,,,,,,,,,No Report
Italy,European Region of WHO,South West Europe,2017,37,2017-09-11,2017-09-17,,,,,,,,,,,,,,,No Report
Italy,European Region of WHO,South West Europe,2017,38,2017-09-18,2017-09-24,,,,,,,,,,,,,,,No Report
Italy,European Region of WHO,South West Europe,2017,39,2017-09-25,2017-10-01,,,,,,,,,,,,,,,No Report
Italy,European Region of WHO,South West Europe,2017,40,2017-10-02,2017-10-08,,,,,,,,,,,,,,,No Report
Italy,European Region of WHO,South West Europe,2017,41,2017-10-09,2017-10-15,,,,,,,,,,,,,,,No Report
Italy,European Region of WHO,South West Europe,2017,42,2017-10-16,2017-10-22,,,,,,,,,,,,,,,No Report
Italy,European Region of WHO,South West Europe,2017,43,2017-10-23,2017-10-29,,,,,,,,,,,,,,,No Report
Italy,European Region of WHO,South West Europe,2017,44,2017-10-30,2017-11-05,,,,,,,,,,,,,,,No Report
Italy,European Region of WHO,South West Europe,2017,45,2017-11-06,2017-11-12,,,,,,,,,,,,,,,No Report
Italy,European Region of WHO,South West Europe,2017,46,2017-11-13,2017-11-19,203,203,0,0,0,0,0,0,2,0,0,2,2,201,No Activity
Italy,European Region of WHO,South West Europe,2017,47,2017-11-20,2017-11-26,265,265,0,1,0,0,0,1,6,0,1,7,8,257,Sporadic
Italy,European Region of WHO,South West Europe,2017,48,2017-11-27,2017-12-03,271,271,0,7,1,0,2,10,7,0,11,18,28,243,Sporadic
Italy,European Region of WHO,South West Europe,2017,49,2017-12-04,2017-12-10,302,302,0,9,4,0,0,13,15,0,12,27,40,262,Sporadic
Italy,European Region of WHO,South West Europe,2017,50,2017-12-11,2017-12-17,543,543,0,38,9,,1,48,39,1,34,74,122,421,Sporadic
Italy,European Region of WHO,South West Europe,2017,51,2017-12-18,2017-12-24,620,620,0,66,6,,3,75,62,0,70,132,207,413,Local Outbreak
Italy,European Region of WHO,South West Europe,2017,52,2017-12-25,2017-12-31,830,830,0,141,9,,10,160,108,0,143,251,411,419,Local Outbreak
Italy,European Region of WHO,South West Europe,2018,1,2018-01-01,2018-01-07,462,426,0,52,28,,9,89,0,0,0,0,89,337,Local Outbreak
Italy,European Region of WHO,South West Europe,2018,2,2018-01-08,2018-01-14,1707,1707,0,256,13,,8,277,259,0,311,570,847,860,Regional Outbreak
Italy,European Region of WHO,South West Europe,2018,3,2018-01-15,2018-01-21,1540,1540,0,202,15,,8,225,224,1,230,455,680,860,Regional Outbreak
Italy,European Region of WHO,South West Europe,2018,4,2018-01-22,2018-01-28,1345,1345,0,180,13,,12,205,213,2,158,373,578,767,Regional Outbreak
Italy,European Region of WHO,South West Europe,2018,5,2018-01-29,2018-02-04,1282,1282,0,178,6,,13,197,210,0,133,343,540,742,Regional Outbreak
Italy,European Region of WHO,South West Europe,2018,6,2018-02-05,2018-02-11,1089,1089,0,149,5,,7,161,120,1,72,193,354,735,Regional Outbreak
Italy,European Region of WHO,South West Europe,2018,7,2018-02-12,2018-02-18,989,989,0,145,8,,5,158,91,,52,143,301,688,Regional Outbreak
Italy,European Region of WHO,South West Europe,2018,8,2018-02-19,2018-02-25,913,913,0,142,8,,6,156,82,1,38,121,277,636,Regional Outbreak
Italy,European Region of WHO,South West Europe,2018,9,2018-02-26,2018-03-04,724,724,0,77,6,,4,87,44,0,37,81,168,556,Regional Outbreak
Italy,European Region of WHO,South West Europe,2018,10,2018-03-05,2018-03-11,630,630,0,62,2,,3,67,30,0,21,51,118,512,Regional Outbreak
Italy,European Region of WHO,South West Europe,2018,11,2018-03-12,2018-03-18,420,420,0,46,2,,1,49,29,0,14,43,92,328,Local Outbreak
Italy,European Region of WHO,South West Europe,2018,12,2018-03-19,2018-03-25,333,333,0,25,1,,1,27,10,0,10,20,47,286,Local Outbreak
Italy,European Region of WHO,South West Europe,2018,13,2018-03-26,2018-04-01,262,262,0,12,3,,2,17,4,,5,9,26,237,Local Outbreak
Italy,European Region of WHO,South West Europe,2018,14,2018-04-02,2018-04-08,201,201,0,12,1,,,13,,,,,13,188,Local Outbreak
Italy,European Region of WHO,South West Europe,2018,15,2018-04-09,2018-04-15,187,187,0,5,,,2,7,,,1,1,8,179,Sporadic
Italy,European Region of WHO,South West Europe,2018,16,2018-04-16,2018-04-22,113,113,0,3,,,1,4,,,,,4,109,No Activity
Italy,European Region of WHO,South West Europe,2018,17,2018-04-23,2018-04-29,58,58,0,3,,,,3,,,,,3,55,No Activity
Italy,European Region of WHO,South West Europe,2018,18,2018-04-30,2018-05-06,,,,,,,,,,,,,,,No Report
Italy,European Region of WHO,South West Europe,2018,19,2018-05-07,2018-05-13,,,,,,,,,,,,,,,No Report
Italy,European Region of WHO,South West Europe,2018,20,2018-05-14,2018-05-20,,,,,,,,,,,,,,,No Report
Italy,European Region of WHO,South West Europe,2018,21,2018-05-21,2018-05-27,,,,,,,,,,,,,,,No Report
Italy,European Region of WHO,South West Europe,2018,22,2018-05-28,2018-06-03,,,,,,,,,,,,,,,No Report
Italy,European Region of WHO,South West Europe,2018,23,2018-06-04,2018-06-10,,,,,,,,,,,,,,,No Report
Italy,European Region of WHO,South West Europe,2018,24,2018-06-11,2018-06-17,,,,,,,,,,,,,,,No Report
Italy,European Region of WHO,South West Europe,2018,25,2018-06-18,2018-06-24,,,,,,,,,,,,,,,No Report
Italy,European Region of WHO,South West Europe,2018,26,2018-06-25,2018-07-01,,,,,,,,,,,,,,,No Report
Italy,European Region of WHO,South West Europe,2018,27,2018-07-02,2018-07-08,,,,,,,,,,,,,,,No Report
Italy,European Region of WHO,South West Europe,2018,28,2018-07-09,2018-07-15,,,,,,,,,,,,,,,No Report
Italy,European Region of WHO,South West Europe,2018,29,2018-07-16,2018-07-22,,,,,,,,,,,,,,,No Report
Italy,European Region of WHO,South West Europe,2018,30,2018-07-23,2018-07-29,,,,,,,,,,,,,,,No Report
Italy,European Region of WHO,South West Europe,2018,31,2018-07-30,2018-08-05,,,,,,,,,,,,,,,No Report
Italy,European Region of WHO,South West Europe,2018,32,2018-08-06,2018-08-12,,,,,,,,,,,,,,,No Report
Italy,European Region of WHO,South West Europe,2018,33,2018-08-13,2018-08-19,,,,,,,,,,,,,,,No Report
Italy,European Region of WHO,South West Europe,2018,34,2018-08-20,2018-08-26,,,,,,,,,,,,,,,No Report
Italy,European Region of WHO,South West Europe,2018,35,2018-08-27,2018-09-02,,,,,,,,,,,,,,,No Report
Italy,European Region of WHO,South West Europe,2018,36,2018-09-03,2018-09-09,,,,,,,,,,,,,,,No Report
Italy,European Region of WHO,South West Europe,2018,37,2018-09-10,2018-09-16,,,,,,,,,,,,,,,No Report
Italy,European Region of WHO,South West Europe,2018,38,2018-09-17,2018-09-23,,,,,,,,,,,,,,,No Report
Italy,European Region of WHO,South West Europe,2018,39,2018-09-24,2018-09-30,,,,,,,,,,,,,,,No Report
Italy,European Region of WHO,South West Europe,2018,40,2018-10-01,2018-10-07,,,,,,,,,,,,,,,No Report
Italy,European Region of WHO,South West Europe,2018,41,2018-10-08,2018-10-14,,,,,,,,,,,,,,,No Report
Italy,European Region of WHO,South West Europe,2018,42,2018-10-15,2018-10-21,,,,,,,,,,,,,,,No Report
Italy,European Region of WHO,South West Europe,2018,43,2018-10-22,2018-10-28,,,,,,,,,,,,,,,No Report
Italy,European Region of WHO,South West Europe,2018,44,2018-10-29,2018-11-04,,,,,,,,,,,,,,,No Report
Italy,European Region of WHO,South West Europe,2018,45,2018-11-05,2018-11-11,,,,,,,,,,,,,,,No Report
Italy,European Region of WHO,South West Europe,2018,46,2018-11-12,2018-11-18,333,333,0,4,3,,,7,1,,,1,8,325,Sporadic
Italy,European Region of WHO,South West Europe,2018,47,2018-11-19,2018-11-25,392,392,0,6,13,,0,19,,,,,19,373,Sporadic
Italy,European Region of WHO,South West Europe,2018,48,2018-11-26,2018-12-02,461,461,0,7,11,,1,19,,,,,19,442,Sporadic
Italy,European Region of WHO,South West Europe,2018,49,2018-12-03,2018-12-09,488,488,0,9,9,,,18,,,,,18,470,Sporadic
Italy,European Region of WHO,South West Europe,2018,50,2018-12-10,2018-12-16,571,571,0,25,10,,0,35,,,,,35,536,Sporadic
Italy,European Region of WHO,South West Europe,2018,51,2018-12-17,2018-12-23,621,621,0,32,22,,1,55,,,,,55,566,Sporadic
Italy,European Region of WHO,South West Europe,2018,52,2018-12-24,2018-12-30,490,490,0,58,19,,6,83,,,,,83,407,Sporadic
Italy,European Region of WHO,South West Europe,2019,1,2018-12-31,2019-01-06,671,671,,97,41,,3,141,,,,,141,530,Local Outbreak
Italy,European Region of WHO,South West Europe,2019,2,2019-01-07,2019-01-13,974,974,,169,81,,15,265,1,1,1,3,268,706,Local Outbreak
Italy,European Region of WHO,South West Europe,2019,3,2019-01-14,2019-01-20,1387,1387,,344,176,,41,561,1,,1,2,563,824,Regional Outbreak
Italy,European Region of WHO,South West Europe,2019,4,2019-01-21,2019-01-27,1613,1613,,455,257,,14,726,,1,,1,727,886,Regional Outbreak
Italy,European Region of WHO,South West Europe,2019,5,2019-01-28,2019-02-03,1770,1770,,454,316,,62,832,,,,,832,938,Widespread Outbreak
Italy,European Region of WHO,South West Europe,2019,6,2019-02-04,2019-02-10,1839,1839,,443,391,,84,918,,,,,918,921,Widespread Outbreak
Italy,European Region of WHO,South West Europe,2019,7,2019-02-11,2019-02-17,1628,1628,,333,378,,30,741,,,,,741,887,Widespread Outbreak
Italy,European Region of WHO,South West Europe,2019,8,2019-02-18,2019-02-24,1524,1524,,238,342,,81,661,,,2,2,663,861,Widespread Outbreak
Italy,European Region of WHO,South West Europe,2019,9,2019-02-25,2019-03-03,1189,1189,,116,297,,54,467,,,,,467,722,Widespread Outbreak
Italy,European Region of WHO,South West Europe,2019,10,2019-03-04,2019-03-10,1061,1061,,67,223,0,39,329,0,0,0,0,329,732,Regional Outbreak
Italy,European Region of WHO,South West Europe,2019,11,2019-03-11,2019-03-17,869,869,,37,137,,18,192,,,,,192,677,Regional Outbreak
Italy,European Region of WHO,South West Europe,2019,12,2019-03-18,2019-03-24,624,624,,21,101,,17,139,,,,,139,485,Regional Outbreak
Italy,European Region of WHO,South West Europe,2019,13,2019-03-25,2019-03-31,454,454,,14,45,,3,62,,,,,62,392,Local Outbreak
Italy,European Region of WHO,South West Europe,2019,14,2019-04-01,2019-04-07,409,409,,5,32,,4,41,,,,,41,368,Sporadic
Italy,European Region of WHO,South West Europe,2019,15,2019-04-08,2019-04-14,307,307,,6,18,,,24,,,,,24,283,Sporadic
Italy,European Region of WHO,South West Europe,2019,16,2019-04-15,2019-04-21,203,200,,2,7,,1,10,,,,,10,190,Sporadic
Italy,European Region of WHO,South West Europe,2019,17,2019-04-22,2019-04-28,84,82,,2,2,,,4,,,,,4,78,Sporadic
Italy,European Region of WHO,South West Europe,2019,18,2019-04-29,2019-05-05,,,,,,,,,,,,,,,No Report
Italy,European Region of WHO,South West Europe,2019,19,2019-05-06,2019-05-12,,,,,,,,,,,,,,,No Report
Italy,European Region of WHO,South West Europe,2019,20,2019-05-13,2019-05-19,,,,,,,,,,,,,,,No Report
Italy,European Region of WHO,South West Europe,2019,21,2019-05-20,2019-05-26,,,,,,,,,,,,,,,No Report
Italy,European Region of WHO,South West Europe,2019,22,2019-05-27,2019-06-02,,,,,,,,,,,,,,,No Report
Italy,European Region of WHO,South West Europe,2019,23,2019-06-03,2019-06-09,,,,,,,,,,,,,,,No Report
Italy,European Region of WHO,South West Europe,2019,24,2019-06-10,2019-06-16,,,,,,,,,,,,,,,No Report
Italy,European Region of WHO,South West Europe,2019,25,2019-06-17,2019-06-23,,,,,,,,,,,,,,,No Report
Italy,European Region of WHO,South West Europe,2019,26,2019-06-24,2019-06-30,,,,,,,,,,,,,,,No Report
Italy,European Region of WHO,South West Europe,2019,27,2019-07-01,2019-07-07,,,,,,,,,,,,,,,No Report
Italy,European Region of WHO,South West Europe,2019,28,2019-07-08,2019-07-14,,,,,,,,,,,,,,,No Report
Italy,European Region of WHO,South West Europe,2019,29,2019-07-15,2019-07-21,,,,,,,,,,,,,,,No Report
Italy,European Region of WHO,South West Europe,2019,30,2019-07-22,2019-07-28,,,,,,,,,,,,,,,No Report
Italy,European Region of WHO,South West Europe,2019,31,2019-07-29,2019-08-04,,,,,,,,,,,,,,,No Report
Italy,European Region of WHO,South West Europe,2019,32,2019-08-05,2019-08-11,,,,,,,,,,,,,,,No Report
Italy,European Region of WHO,South West Europe,2019,33,2019-08-12,2019-08-18,,,,,,,,,,,,,,,No Report
Italy,European Region of WHO,South West Europe,2019,34,2019-08-19,2019-08-25,,,,,,,,,,,,,,,No Report
Italy,European Region of WHO,South West Europe,2019,35,2019-08-26,2019-09-01,,,,,,,,,,,,,,,No Report
Italy,European Region of WHO,South West Europe,2019,36,2019-09-02,2019-09-08,,,,,,,,,,,,,,,No Report
Italy,European Region of WHO,South West Europe,2019,37,2019-09-09,2019-09-15,,,,,,,,,,,,,,,No Report
Italy,European Region of WHO,South West Europe,2019,38,2019-09-16,2019-09-22,,,,,,,,,,,,,,,No Report
Italy,European Region of WHO,South West Europe,2019,39,2019-09-23,2019-09-29,,,,,,,,,,,,,,,No Report
Italy,European Region of WHO,South West Europe,2019,40,2019-09-30,2019-10-06,,,,,,,,,,,,,,,No Report
Italy,European Region of WHO,South West Europe,2019,41,2019-10-07,2019-10-13,,,,,,,,,,,,,,,No Report
Italy,European Region of WHO,South West Europe,2019,42,2019-10-14,2019-10-20,,,,,,,,,,,,,,,No Report
Italy,European Region of WHO,South West Europe,2019,43,2019-10-21,2019-10-27,,,,,,,,,,,,,,,No Report
Italy,European Region of WHO,South West Europe,2019,44,2019-10-28,2019-11-03,,,,,,,,,,,,,,,No Report
Italy,European Region of WHO,South West Europe,2019,45,2019-11-04,2019-11-10,,,,,,,,,,,,,,,No Report
Italy,European Region of WHO,South West Europe,2019,46,2019-11-11,2019-11-17,463,463,,1,2,,,3,,,,,3,460,Sporadic
Italy,European Region of WHO,South West Europe,2019,47,2019-11-18,2019-11-24,537,537,,2,1,,,3,,1,,1,4,533,Sporadic
Italy,European Region of WHO,South West Europe,2019,48,2019-11-25,2019-12-01,560,560,,6,9,,,15,,3,,3,18,542,Sporadic
Italy,European Region of WHO,South West Europe,2019,49,2019-12-02,2019-12-08,642,642,,3,22,,1,26,,1,,1,27,615,Sporadic
Italy,European Region of WHO,South West Europe,2019,50,2019-12-09,2019-12-15,624,624,,11,27,,0,38,,6,1,7,45,579,Sporadic
Italy,European Region of WHO,South West Europe,2019,51,2019-12-16,2019-12-22,765,765,,7,42,,5,54,,6,15,21,75,690,Local Outbreak
Italy,European Region of WHO,South West Europe,2019,52,2019-12-23,2019-12-29,594,594,,11,31,,,46,,5,17,22,68,526,Local Outbreak
Italy,European Region of WHO,South West Europe,2020,1,2019-12-30,2020-01-05,761,761,,25,30,,5,60,,3,22,25,85,676,Local Outbreak
Italy,European Region of WHO,South West Europe,2020,2,2020-01-06,2020-01-12,932,932,,55,70,,3,128,,10,40,50,178,754,Regional Outbreak
Italy,European Region of WHO,South West Europe,2020,3,2020-01-13,2020-01-19,1372,12372,,131,166,,12,309,,40,105,145,454,918,Regional Outbreak
Italy,European Region of WHO,South West Europe,2020,4,2020-01-20,2020-01-26,1240,1240,,116,147,,19,282,,39,98,137,419,821,Regional Outbreak
Italy,European Region of WHO,South West Europe,2020,5,2020-01-27,2020-02-02,1581,1581,,148,191,,20,359,1,47,137,185,544,1037,Widespread Outbreak
Italy,European Region of WHO,South West Europe,2020,6,2020-02-03,2020-02-09,1519,1519,,125,179,,24,328,2,69,115,186,514,1005,Widespread Outbreak
Italy,European Region of WHO,South West Europe,2020,7,2020-02-10,2020-02-16,1303,1303,,118,193,,32,343,,61,143,204,547,756,Widespread Outbreak
Italy,European Region of WHO,South West Europe,2020,8,2020-02-17,2020-02-23,1139,1139,,86,143,,60,289,,30,124,154,443,696,Widespread Outbreak
Italy,European Region of WHO,South West Europe,2020,9,2020-02-24,2020-03-01,817,817,,57,117,,13,187,,18,73,91,278,539,Widespread Outbreak
Italy,European Region of WHO,South West Europe,2020,10,2020-03-02,2020-03-08,498,498,,23,45,,9,77,,3,31,34,111,387,Regional Outbreak
Italy,European Region of WHO,South West Europe,2020,11,2020-03-09,2020-03-15,239,228,,6,5,,2,13,,6,6,12,25,203,Regional Outbreak
Italy,European Region of WHO,South West Europe,2020,12,2020-03-16,2020-03-22,172,172,,,,,,,,,,,,89,Local Outbreak
Italy,European Region of WHO,South West Europe,2020,13,2020-03-23,2020-03-29,98,98,,,,,,,,,,,,,Local Outbreak
Italy,European Region of WHO,South West Europe,2020,14,2020-03-30,2020-04-05,68,52,,1,,,,1,,,,,1,38,Sporadic
Italy,European Region of WHO,South West Europe,2020,15,2020-04-06,2020-04-12,82,68,,,,,,,,,,,,,Sporadic
Italy,European Region of WHO,South West Europe,2020,16,2020-04-13,2020-04-19,,,,,,,,,,,,,,,No Report
Italy,European Region of WHO,South West Europe,2020,17,2020-04-20,2020-04-26,,,,,,,,,,,,,,,No Report
Italy,European Region of WHO,South West Europe,2020,18,2020-04-27,2020-05-03,,,,,,,,,,,,,,,No Report
Italy,European Region of WHO,South West Europe,2020,19,2020-05-04,2020-05-10,,,,,,,,,,,,,,,No Report
Italy,European Region of WHO,South West Europe,2020,20,2020-05-11,2020-05-17,,,,,,,,,,,,,,,No Report
Italy,European Region of WHO,South West Europe,2020,21,2020-05-18,2020-05-24,,,,,,,,,,,,,,,No Report
Italy,European Region of WHO,South West Europe,2020,22,2020-05-25,2020-05-31,,,,,,,,,,,,,,,No Report
Italy,European Region of WHO,South West Europe,2020,23,2020-06-01,2020-06-07,,,,,,,,,,,,,,,No Report
Italy,European Region of WHO,South West Europe,2020,24,2020-06-08,2020-06-14,,,,,,,,,,,,,,,No Report
Italy,European Region of WHO,South West Europe,2020,25,2020-06-15,2020-06-21,,,,,,,,,,,,,,,No Report
Italy,European Region of WHO,South West Europe,2020,26,2020-06-22,2020-06-28,,,,,,,,,,,,,,,No Report
Italy,European Region of WHO,South West Europe,2020,27,2020-06-29,2020-07-05,,,,,,,,,,,,,,,No Report
Italy,European Region of WHO,South West Europe,2020,28,2020-07-06,2020-07-12,,,,,,,,,,,,,,,No Report
Italy,European Region of WHO,South West Europe,2020,29,2020-07-13,2020-07-19,,,,,,,,,,,,,,,No Report
Italy,European Region of WHO,South West Europe,2020,30,2020-07-20,2020-07-26,,,,,,,,,,,,,,,No Report
Italy,European Region of WHO,South West Europe,2020,31,2020-07-27,2020-08-02,,,,,,,,,,,,,,,No Report
Italy,European Region of WHO,South West Europe,2020,32,2020-08-03,2020-08-09,,,,,,,,,,,,,,,No Report
Italy,European Region of WHO,South West Europe,2020,33,2020-08-10,2020-08-16,,,,,,,,,,,,,,,No Report
Italy,European Region of WHO,South West Europe,2020,34,2020-08-17,2020-08-23,,,,,,,,,,,,,,,No Report
Italy,European Region of WHO,South West Europe,2020,35,2020-08-24,2020-08-30,,,,,,,,,,,,,,,No Report
Italy,European Region of WHO,South West Europe,2020,36,2020-08-31,2020-09-06,,,,,,,,,,,,,,,No Report
Italy,European Region of WHO,South West Europe,2020,37,2020-09-07,2020-09-13,,,,,,,,,,,,,,,No Report
Italy,European Region of WHO,South West Europe,2020,38,2020-09-14,2020-09-20,,,,,,,,,,,,,,,No Report
Italy,European Region of WHO,South West Europe,2020,39,2020-09-21,2020-09-27,,,,,,,,,,,,,,,No Report
Italy,European Region of WHO,South West Europe,2020,40,2020-09-28,2020-10-04,,,,,,,,,,,,,,,No Report
Italy,European Region of WHO,South West Europe,2020,41,2020-10-05,2020-10-11,,,,,,,,,,,,,,,No Report
Italy,European Region of WHO,South West Europe,2020,42,2020-10-12,2020-10-18,,,,,,,,,,,,,,,No Report
Italy,European Region of WHO,South West Europe,2020,43,2020-10-19,2020-10-25,,,,,,,,,,,,,,,No Report
Italy,European Region of WHO,South West Europe,2020,44,2020-10-26,2020-11-01,,,,,,,,,,,,,,,No Report
Italy,European Region of WHO,South West Europe,2020,45,2020-11-02,2020-11-08,,,,,,,,,,,,,,,No Report
Italy,European Region of WHO,South West Europe,2020,46,2020-11-09,2020-11-15,182,182,,0,0,0,0,0,0,0,0,0,0,182,No Report
Italy,European Region of WHO,South West Europe,2020,47,2020-11-16,2020-11-22,186,186,,0,0,0,0,0,0,0,0,0,0,186,No Report
Italy,European Region of WHO,South West Europe,2020,48,2020-11-23,2020-11-29,155,155,,0,0,0,0,0,0,0,0,0,0,155,No Report
Italy,European Region of WHO,South West Europe,2020,49,2020-11-30,2020-12-06,199,199,,0,0,0,0,0,0,0,0,0,0,199,No Report
Italy,European Region of WHO,South West Europe,2020,50,2020-12-07,2020-12-13,199,199,,0,0,0,0,0,0,0,0,0,0,199,No Report
Italy,European Region of WHO,South West Europe,2020,51,2020-12-14,2020-12-20,298,298,,0,0,0,0,0,0,0,0,0,0,298,No Report
Italy,European Region of WHO,South West Europe,2020,52,2020-12-21,2020-12-27,207,207,,0,0,0,0,0,0,0,0,0,0,207,No Report
Italy,European Region of WHO,South West Europe,2020,53,2020-12-28,2021-01-03,215,215,,0,0,0,0,0,0,0,0,0,0,215,No Report
Italy,European Region of WHO,South West Europe,2021,1,2021-01-04,2021-01-10,214,214,,0,0,0,0,0,0,0,0,0,0,214,No Report
Italy,European Region of WHO,South West Europe,2021,2,2021-01-11,2021-01-17,253,253,,0,0,0,0,0,0,0,0,0,0,253,No Report
Italy,European Region of WHO,South West Europe,2021,3,2021-01-18,2021-01-24,362,362,,0,0,0,0,0,0,0,0,0,0,362,No Report
Italy,European Region of WHO,South West Europe,2021,4,2021-01-25,2021-01-31,340,340,,0,0,0,0,0,0,0,0,0,0,340,No Report
Italy,European Region of WHO,South West Europe,2021,5,2021-02-01,2021-02-07,374,374,,0,0,0,0,0,0,0,0,0,0,374,No Report
Italy,European Region of WHO,South West Europe,2021,6,2021-02-08,2021-02-14,219,219,,0,0,0,0,0,0,0,0,0,0,219,No Report
Italy,European Region of WHO,South West Europe,2021,7,2021-02-15,2021-02-21,301,301,,0,0,0,0,0,0,0,0,0,0,301,No Report
Italy,European Region of WHO,South West Europe,2021,8,2021-02-22,2021-02-28,354,354,,0,0,0,0,0,0,0,0,0,0,354,No Report
Italy,European Region of WHO,South West Europe,2021,9,2021-03-01,2021-03-07,317,317,,0,0,0,0,0,0,0,0,0,0,317,No Report
Italy,European Region of WHO,South West Europe,2021,10,2021-03-08,2021-03-14,391,391,,0,0,0,0,0,0,0,0,0,0,391,No Report
Italy,European Region of WHO,South West Europe,2021,11,2021-03-15,2021-03-21,408,408,,0,0,0,0,0,0,0,0,0,0,408,No Report
Italy,European Region of WHO,South West Europe,2021,12,2021-03-22,2021-03-28,443,443,,0,0,0,0,0,0,0,0,0,0,443,No Report
Italy,European Region of WHO,South West Europe,2021,13,2021-03-29,2021-04-04,369,369,,0,0,0,0,0,0,0,0,0,0,369,No Report
Italy,European Region of WHO,South West Europe,2021,14,2021-04-05,2021-04-11,300,300,,0,0,0,0,0,0,0,0,0,0,300,No Report
Italy,European Region of WHO,South West Europe,2021,15,2021-04-12,2021-04-18,278,278,,0,0,0,0,0,0,0,0,0,0,278,No Report
Italy,European Region of WHO,South West Europe,2021,16,2021-04-19,2021-04-25,252,252,,0,0,0,0,0,0,0,0,0,0,252,No Report
Italy,European Region of WHO,South West Europe,2021,17,2021-04-26,2021-05-02,21,21,,0,0,0,0,0,0,0,0,0,0,21,No Report
Italy,European Region of WHO,South West Europe,2021,18,2021-05-03,2021-05-09,20,20,,0,0,0,0,0,0,0,0,0,0,20,No Report
Italy,European Region of WHO,South West Europe,2021,19,2021-05-10,2021-05-16,21,21,,0,0,0,0,0,0,0,0,0,0,21,No Report
Italy,European Region of WHO,South West Europe,2021,20,2021-05-17,2021-05-23,31,31,,0,0,0,0,0,0,0,0,0,0,31,No Report
Italy,European Region of WHO,South West Europe,2021,21,2021-05-24,2021-05-30,25,25,,0,0,0,0,0,0,0,0,0,0,25,No Report
Italy,European Region of WHO,South West Europe,2021,22,2021-05-31,2021-06-06,17,17,,0,0,0,0,0,0,0,0,0,0,17,No Report
Italy,European Region of WHO,South West Europe,2021,23,2021-06-07,2021-06-13,22,22,,0,0,0,0,0,0,0,0,0,0,22,No Report
Italy,European Region of WHO,South West Europe,2021,24,2021-06-14,2021-06-20,27,27,,0,0,0,0,0,0,0,0,0,0,27,No Report
Italy,European Region of WHO,South West Europe,2021,25,2021-06-21,2021-06-27,20,20,,0,0,0,0,0,0,0,0,0,0,20,No Report
Italy,European Region of WHO,South West Europe,2021,26,2021-06-28,2021-07-04,18,18,,0,0,0,0,0,0,0,0,0,0,18,No Report
Italy,European Region of WHO,South West Europe,2021,27,2021-07-05,2021-07-11,18,18,,0,0,0,0,0,0,0,0,0,0,18,No Report
Italy,European Region of WHO,South West Europe,2021,28,2021-07-12,2021-07-18,27,27,,0,0,0,0,0,0,0,0,0,0,27,No Report
Italy,European Region of WHO,South West Europe,2021,29,2021-07-19,2021-07-25,12,12,,0,0,0,0,0,0,0,0,0,0,12,No Report
Italy,European Region of WHO,South West Europe,2021,30,2021-07-26,2021-08-01,13,13,,0,0,0,0,0,0,0,0,0,0,13,No Report
Italy,European Region of WHO,South West Europe,2021,31,2021-08-02,2021-08-08,14,14,,0,0,0,0,0,0,0,0,0,0,14,No Report
Italy,European Region of WHO,South West Europe,2021,32,2021-08-09,2021-08-15,24,24,,0,0,0,0,0,0,0,0,0,0,24,No Report
Italy,European Region of WHO,South West Europe,2021,33,2021-08-16,2021-08-22,15,15,,0,0,0,0,0,0,0,0,0,0,15,No Report
Italy,European Region of WHO,South West Europe,2021,34,2021-08-23,2021-08-29,13,13,,0,0,0,0,0,0,0,0,0,0,13,No Report
Italy,European Region of WHO,South West Europe,2021,35,2021-08-30,2021-09-05,10,10,,0,0,0,0,0,0,0,0,0,0,10,No Report
Italy,European Region of WHO,South West Europe,2021,36,2021-09-06,2021-09-12,27,27,,0,0,0,0,0,0,0,0,0,0,27,No Report
Italy,European Region of WHO,South West Europe,2021,37,2021-09-13,2021-09-19,16,16,,0,0,0,0,0,0,0,0,0,0,16,No Report
Italy,European Region of WHO,South West Europe,2021,38,2021-09-20,2021-09-26,19,19,,0,1,0,0,1,0,0,0,0,1,18,No Report
Italy,European Region of WHO,South West Europe,2021,39,2021-09-27,2021-10-03,24,24,,0,0,0,0,0,0,0,0,0,0,24,No Report
Italy,European Region of WHO,South West Europe,2021,40,2021-10-04,2021-10-10,,,,,,,,,,,,,,,No Report
Italy,European Region of WHO,South West Europe,2021,41,2021-10-11,2021-10-17,,,,,,,,,,,,,,,No Report
Italy,European Region of WHO,South West Europe,2021,42,2021-10-18,2021-10-24,,,,,,,,,,,,,,,No Report
Italy,European Region of WHO,South West Europe,2021,43,2021-10-25,2021-10-31,,,,,,,,,,,,,,,No Report
Italy,European Region of WHO,South West Europe,2021,44,2021-11-01,2021-11-07,,,,,,,,,,,,,,,No Report
Italy,European Region of WHO,South West Europe,2021,45,2021-11-08,2021-11-14,,,,,,,,,,,,,,,No Report
Italy,European Region of WHO,South West Europe,2021,46,2021-11-15,2021-11-21,379,379,,0,2,0,0,2,0,0,1,1,3,376,No Report
Italy,European Region of WHO,South West Europe,2021,47,2021-11-22,2021-11-28,731,731,,0,3,0,0,3,0,0,0,0,3,728,No Report
Italy,European Region of WHO,South West Europe,2021,48,2021-11-29,2021-12-05,550,550,,0,0,0,1,1,0,0,0,0,1,549,No Report
Italy,European Region of WHO,South West Europe,2021,49,2021-12-06,2021-12-12,445,445,,0,3,0,0,3,0,0,2,2,5,440,No Report
Italy,European Region of WHO,South West Europe,2021,50,2021-12-13,2021-12-19,448,448,,0,3,0,0,3,0,0,1,1,4,444,No Report
Italy,European Region of WHO,South West Europe,2021,51,2021-12-20,2021-12-26,340,340,,1,9,0,1,11,0,0,1,1,12,328,No Report
Italy,European Region of WHO,South West Europe,2021,52,2021-12-27,2022-01-02,476,476,,1,3,0,0,4,0,0,0,0,4,472,No Report
Italy,European Region of WHO,South West Europe,2022,1,2022-01-03,2022-01-09,520,520,,0,9,0,1,10,0,0,0,0,10,510,No Report
Italy,European Region of WHO,South West Europe,2022,2,2022-01-10,2022-01-16,361,361,,1,4,0,0,5,0,0,0,0,5,356,No Report
Italy,European Region of WHO,South West Europe,2022,3,2022-01-17,2022-01-23,605,605,,1,6,0,1,8,0,0,0,0,8,597,No Report
Italy,European Region of WHO,South West Europe,2022,4,2022-01-24,2022-01-30,374,374,,2,10,0,2,14,0,0,0,0,14,360,No Report
Italy,European Region of WHO,South West Europe,2022,5,2022-01-31,2022-02-06,311,311,,0,8,0,2,10,0,0,0,0,10,301,No Report
Italy,European Region of WHO,South West Europe,2022,6,2022-02-07,2022-02-13,552,552,,0,12,0,0,12,0,0,0,0,12,540,No Report
Italy,European Region of WHO,South West Europe,2022,7,2022-02-14,2022-02-20,411,411,,0,17,0,0,17,0,0,0,0,17,394,No Report
Italy,European Region of WHO,South West Europe,2022,8,2022-02-21,2022-02-27,416,416,,1,39,0,0,40,0,0,0,0,40,376,No Report
Italy,European Region of WHO,South West Europe,2022,9,2022-02-28,2022-03-06,513,513,,0,69,0,6,75,0,0,0,0,75,438,No Report
Italy,European Region of WHO,South West Europe,2022,10,2022-03-07,2022-03-13,668,668,,0,132,0,48,180,0,0,0,0,180,488,No Report
Italy,European Region of WHO,South West Europe,2022,11,2022-03-14,2022-03-20,837,837,,1,219,0,83,303,0,0,0,0,303,534,No Report
Italy,European Region of WHO,South West Europe,2022,12,2022-03-21,2022-03-27,900,900,,1,217,0,120,338,0,0,0,0,338,562,No Report
Italy,European Region of WHO,South West Europe,2022,13,2022-03-28,2022-04-03,814,814,,1,207,0,93,301,0,0,0,0,301,513,No Report
Italy,European Region of WHO,South West Europe,2022,14,2022-04-04,2022-04-10,801,801,,1,145,0,102,248,0,0,0,0,248,553,No Report
Italy,European Region of WHO,South West Europe,2022,15,2022-04-11,2022-04-17,631,631,,1,112,0,29,142,0,0,1,1,143,488,No Report
Italy,European Region of WHO,South West Europe,2022,16,2022-04-18,2022-04-24,543,543,,1,84,0,14,99,0,0,0,0,99,444,No Report
Italy,European Region of WHO,South West Europe,2022,17,2022-04-25,2022-05-01,431,431,,0,23,0,41,64,0,0,0,0,64,367,No Report
Italy,European Region of WHO,South West Europe,2022,18,2022-05-02,2022-05-08,,,,,,,,,,,,,,,No Report
Italy,European Region of WHO,South West Europe,2022,19,2022-05-09,2022-05-15,,,,,,,,,,,,,,,No Report
Italy,European Region of WHO,South West Europe,2022,20,2022-05-16,2022-05-22,,,,,,,,,,,,,,,No Report